Trigger,Keywords
abortion,gender
abortion,human_rights
abortion,politics
activist,politics
activists,politics
advocacy,human_rights
advocacy,politics
apartheid,apartheid
apartheid,human_rights
apartheid,politics
architecture,architecture
army,politics
army,war
assassination,politics
assassination,violence
astronomy,science
authoritarian,authoritarian
authoritarian,human_rights
authoritarian,politics
authoritarianism,authoritarianism
authoritarianism,fascism
authoritarianism,ideology
authoritarianism,politics
baghdad,baghdad
bahrain,bahrain
balfour,balfour
balfour,israel
balfour,palestine
balfour,politics
ballot,ballot
ballot,elections
ballot,politics
ballots,ballots
ballots,elections
ballots,politics
bank,economics
bankers,economics
banking,economics
banks,economics
bayesian,bayesian
bayesian,math
bayesian,science
bernie,bernie
bernie,politics
bezos,bezos
bezos,billionaires
bias,bias
bias,critical_thinking
biased,critical_thinking
biden,biden
biden,politics
billionaire,wealth
blackrock,blackrock
blackrock,capitalism
blockchain,technology
bolshevik,bolshevik
bolshevik,socialism
bolsheviks,bolsheviks
bolsheviks,socialism
bombing,violence
bonds,economics
boston,boston
bourgeois,bourgeois
bourgeois,economics
bourgeois,socialism
britain,britain
buddha,buddhism
buddhist,buddhism
calibre_pdf,pdf
california,california
cambodia,cambodia
campaign,elections
campaign,politics
canada,canada
candidate,elections
candidate,politics
candidates,elections
candidates,politics
capital,capital
capital,capitalism
capital,economics
capitalism,capitalism
capitalism,economics
capitalist,capitalism
capitalist,capitalist
capitalist,economics
capitalists,capitalism
capitalists,capitalists
capitalists,economics
castro,castro
censorship,censorship
censorship,media
chemistry,science
chicago,chicago
chile,chile
china,china
chinese,china
christianity,religion
churchill,politics
cia,cia
cia,politics
climate,climate
clinton,clinton
clinton,politics
cognition,cognition
cognitive,cognition
college,education
colonialism,politics
columbia,columbia
columbia,education
commodity,economics
commons,commons
commons,community
commons,ecology
commons,socialism
communism,communism
communism,economics
communism,socialism
communist,communism
communist,economics
communist,socialism
communists,communism
communists,economics
communists,socialism
compassion,empathy
complexity,complexity
complexity,systems
condorcet,condorcet
condorcet,elections
condorcet,politics
condorcet,strategy
congo,congo
congress,politics
conservatives,conservatives
conservatives,politics
constitution,politics
coup,politics
COVID,health
COVID,pandemic
cuba,cuba
cuban,cuban
currencies,economics
currency,economics
cybernetics,cybernetics
cybernetics,systems
debt,economics
deficit,economics
democracy,politics
democratic,politics
democrats,democrats
democrats,politics
derrida,philosophy
descartes,philosophy
dialectic,dialectics
dialectic,philosophy
dialectical,philosophy
dialectics,dialectics
dialectics,philosophy
dictatorship,politics
discrimination,discrimination
discrimination,human_rights
discrimination,politics
disease,health
disorder,health
doctrine,politics
dualism,philosophy
ecological,ecology
ecology,ecology
economic,economics
economically,economics
economics,economics
economies,economics
economist,economics
economists,economics
economists,economists
economy,economics
education,education
egypt,egypt
egyptian,egyptian
einstein,einstein
einstein,physics
einstein,science
elected,elected
elected,elections
elected,politics
election,election
election,elections
election,politics
elections,elections
elections,politics
electoral,elections
electoral,electoral
electoral,politics
electorate,elections
electorate,electorate
electorate,politics
elite,elite
elites,elites
embassy,politics
emergence,systems
empathy,compassion
empathy,empathy
employer,economics
employer,employer
employer,labor
employment,economics
employment,employment
employment,labor
engels,economics
engels,engels
engels,marxism
engels,philosophy
england,england
enlightenment,enlightenment
enlightenment,philosophy
enlightenment,science
epistemology,communication
epistemology,education
epistemology,epistemology
epistemology,language
equality,equality
equality,equity
equality,justice
equality,politics
equality,sociology
equity,equality
equity,equity
equity,gender
equity,human_rights
equity,politics
ethics,compassion
ethics,empathy
ethics,ethics
ethics,human_rights
ethics,sociology
europe,europe
european,europe
exile,exile
exile,human_rights
exile,politics
fallacy,critical_thinking
fallacy,fallacy
famine,famine
famine,politics
fascism,capitalism
fascism,fascism
fascism,ideology
fascism,politics
fascist,fascism
fascist,fascist
fascist,ideology
fascist,politics
fbi,fbi
federal,politics
feminist,feminist
feminist,gender
feminist,human_rights
feminist,politics
finance,economics
financial,economics
fiscal,economics
foucault,philosophy
france,france
french,french
freud,psychology
fromm,fromm
galileo,science
gaza,gaza
gaza,palestine
gaza,politics
gdp,economics
gender,gender
gender,human_rights
genocide,genocide
genocide,human_rights
genocide,politics
genocide,violence
german,german
germans,germans
germany,germany
ghana,ghana
governance,politics
government,politics
governments,politics
gpt,technology
gramsci,gramsci
gramsci,marxism
gramsci,socialism
greek,greek
guevara,guevara
guevara,socialism
haaretz,haaretz
haaretz,israel
haaretz,palestine
habermas,communication
habermas,habermas
habermas,language
habermas,philosophy
haganah,haganah
haganah,israel
haganah,palestine
haganah,politics
hamas,hamas
hamas,israel
hamas,palestine
hamas,politics
harvard,education
harvard,harvard
health,health
healthcare,health
healthcare,healthcare
healthcare,politics
hedges,hedges
hegel,hegel
hegel,philosophy
hegel,politics
hegemony,hegemony
hegemony,ideology
heidegger,philosophy
heraclitus,heraclitus
hermeneutics,philosophy
hezbollah,hezbollah
hitler,capitalism
hitler,fascism
hitler,hitler
hitler,ideology
hitler,nazis
hitler,politics
hitler,war
holocaust,capitalism
holocaust,fascism
holocaust,history
holocaust,holocaust
holocaust,nazis
holocaust,politics
holocaust,violence
holocaust,war
homelessness,homelessness
homelessness,housing
homelessness,human_rights
homelessness,politics
hostages,politics
houthi,houthi
humanitarian,human_rights
hussein,hussein
idealism,philosophy
ideological,ideology
ideology,ideology
idf,idf
idf,israel
idf,palestine
image,image
imf,capitalism
imf,economics
imf,imf
immigrants,human_rights
immigrants,immigration
immigrants,migration
immigrants,politics
immigration,economics
immigration,human_rights
immigration,immigration
immigration,migration
immigration,politics
imperialism,politics
imprisoned,human_rights
imprisoned,imprisoned
imprisoned,justice
imprisoned,politics
imprisonment,human_rights
imprisonment,imprisonment
imprisonment,justice
imprisonment,politics
income,economics
india,india
indigenous,human_rights
indigenous,indigenous
indigenous,politics
indonesia,indonesia
inequality,economics
inequality,human_rights
inequality,inequality
inequality,politics
inflation,economics
instagram,instagram
instagram,social_media
invasion,invasion
invasion,politics
invasion,war
investors,economics
investors,investors
iran,iran
iranian,iranian
iraq,iraq
irgun,irgun
irgun,israel
irgun,palestine
irgun,politics
islam,religion
islamic,islamic
islamic,religion
israel,israel
israel,palestine
israel,politics
israeli,politics
israelis,israel
israelis,israelis
israelis,palestine
israelis,politics
italy,italy
jacobin,jacobin
jacobin,socialism
jail,human_rights
jail,imprisonment
jail,justice
jail,politics
japan,japan
japanese,japanese
jazeera,al_jazeera
jerusalem,israel
jerusalem,jerusalem
jerusalem,palestine
jonestown,jonestown
journalism,journalism
journalists,journalism
jung,psychology
justice,politics
kant,philosophy
kapital,economics
kapital,marxism
kapital,socialism
keynes,capitalism
keynes,economics
keynes,keynes
knesset,israel
knesset,knesset
knesset,politics
korea,korea
labor,economics
labor,labor
labor,marxism
labor,socialism
labour,economics
labour,labor
labour,marxism
labour,socialism
lacan,psychology
lebanon,lebanon
leftist,left_politics
leftist,politics
leftists,left_politics
leftists,politics
legislation,politics
lenin,socialism
lessig,lessig
liberalism,ideology
liberalism,liberalism
liberalism,politics
liberals,liberals
liberals,politics
liberation,human_rights
liberation,liberation
liberation,politics
libertarian,libertarian
libertarian,politics
liberty,human_rights
liberty,liberty
liberty,politics
libya,libya
libyan,libyan
linguistic,communication
linguistic,language
linguistic,linguistic
linguistics,communication
linguistics,language
linguistics,linguistics
literacy,communication
literacy,literacy
literacy,media_literacy
literary,education
llms,technology
london,london
macroeconomic,economics
macroeconomics,economics
mao,mao
mao,politics
mao,socialism
marx,economics
marx,marx
marx,socialism
marxism,economics
marxism,marxism
marxism,socialism
marxist,economics
marxist,marxism
marxist,marxist
marxist,socialism
marxists,economics
marxists,marxism
marxists,marxists
marxists,socialism
marxs,economics
marxs,marx
marxs,marxism
marxs,socialism
massachusetts,massachusetts
math,math
math,science
mathematical,math
mathematical,mathematical
mathematical,science
mathematics,math
mathematics,mathematics
mathematics,science
media,media_literacy
medical,health
medicine,health
meditation,health
mesopotamia,mesopotamia
metaphysical,philosophy
metaphysics,philosophy
mexico,mexico
migrants,human_rights
migrants,migrantion
migrants,migrants
migrants,politics
migration,human_rights
migration,migration
migration,politics
military,military
military,politics
military,war
minimax,elections
minimax,minimax
minimax,politics
misinformation,communication
misinformation,media
misinformation,misinformation
misinformation,politics
missiles,missiles
missiles,war
mmt,economics
mmt,mmt
monetary,economics
monetary,mmt
morality,ethics
morality,morality
morality,philosophy
moscow,moscow
muslim,muslim
muslims,muslims
nationalism,ideology
nationalism,nationalism
nationalism,politics
nationalist,ideology
nationalist,nationalist
nationalist,politics
nato,nato
nazi,fascism
nazi,ideology
nazi,nazis
nazi,politics
nazis,fascism
nazis,ideology
nazis,nazis
neocolonialism,politics
neoliberal,politics
netanyahu,israel
netanyahu,netanyahu
netanyahu,palestine
netanyahu,politics
neuroscience,cognition
neuroscience,neuroscience
neuroscience,science
nietzsche,philosophy
nkrumah,nkrumah
non-fiction,nonfiction
nonfiction,nonfiction
obama,politics
ontology,communication
ontology,language
ontology,language
ontology,ontology
ontology,ontology
oppression,human_rights
oppression,oppression
oppression,politics
organizing,organizing
ottoman,ottoman
pakistan,pakistan
palestine,israel
palestine,palestine
palestine,politics
palestinian,politics
palestinians,israel
palestinians,palestine
palestinians,palestinians
pandemic,health
pandemic,pandemic
pandemic,politics
paradigm,paradigm
paris,paris
parliament,politics
parliamentary,politics
partisan,politics
patterns,patterns
peasants,labor
peasants,peasants
peasants,politics
persian,persian
phenomenology,philosophy
philosopher,philosophy
philosophers,philosophy
philosophical,philosophy
philosophy,philosophy
physicalism,philosophy
physicist,physics
physicist,science
physics,physics
physics,science
plato,philosophy
poland,poland
police,human_rights
police,law_enforcement
police,police
police,politics
policies,politics
policy,politics
policymakers,politics
political,politics
politically,politics
politician,politics
politicians,politics
politics,politics
populist,politics
poverty,capitalism
poverty,economics
poverty,human_rights
poverty,labor
poverty,politics
poverty,poverty
poverty,socialism
pragmatics,communication
pragmatics,language
pragmatics,pragmatics
president,politics
presidential,politics
presidents,politics
prison,imprisonment
prisoners,human_rights
prisoners,imprisonment
prisoners,justice
prisoners,politics
prisoners,prisoners
prisons,human_rights
prisons,imprisonment
prisons,justice
prisons,law_enforcement
prisons,politics
prisons,prisons
proletariat,economics
proletariat,marxism
proletariat,proletariat
proletariat,socialism
propaganda,communication
propaganda,language
propaganda,media
propaganda,politics
propaganda,propaganda
property,capitalism
property,economics
property,property
protest,politics
protest,protest
protesters,politics
protesters,protesters
protests,politics
protests,protests
proust,proust
psychiatry,psychology
psychoanalysis,psychology
psychological,psychology
psychologist,psychology
psychologists,psychology
psychology,psychology
ptsd,health
qatar,qatar
race,human_rights
race,politics
race,race
racial,human_rights
racial,politics
racial,race
racial,racial
racism,human_rights
racism,ideology
racism,race
racism,racism
racism,sociology
racist,human_rights
racist,politics
racist,race
racist,racist
rafah,israel
rafah,palestine
rafah,rafah
reagan,politics
reasoning,critical_thinking
reasoning,reasoning
rebellion,politics
reddit,reddit
reforms,politics
reforms,reforms
refugees,human_rights
refugees,migration
refugees,politics
refugees,refugees
religion,religion
religious,religion
reparations,economics
reparations,politics
reparations,race
reparations,reparations
republican,politics
republicans,politics
republicans,republicans
revenue,economics
revolution,politics
revolution,revolution
revolutionary,politics
revolutionary,revolutionary
roosevelt,roosevelt
russia,russia
russian,russian
saudi,saudi
scholarly,education
science,science
sciences,science
scientists,science
securities,economics
semantic,communication
semantic,language
semantic,semantic
senate,politics
senator,politics
serbia,serbia
shareholders,economics
shareholders,shareholders
shia,islam
shia,shia
slavery,human_rights
slavery,justice
slavery,labor
slavery,politics
slavery,race
slavery,slavery
socialism,economics
socialism,marxism
socialism,politics
socialism,socialism
socialist,socialism
socioeconomic,economics
socioeconomic,socioeconomic
socioeconomic,sociology
sociological,sociology
sociology,sociology
software,technology
soldiers,politics
soldiers,soldiers
soldiers,war
solidarity,solidarity
soviet,soviet
soviets,soviets
space-time,physics
space-time,science
space-time,spacetime
spacetime,physics
spacetime,science
spacetime,spacetime
spanish,spanish
stalin,marxism
stalin,socialism
stalin,stalin
statecraft,politics
stiglitz,capitalism
stiglitz,economics
stiglitz,stiglitz
strategic,strategy
strategy,strategy
subreddit,reddit
subreddit,subreddit
sudan,sudan
suicide,suicide
sunni,islam
sunni,sunni
surveillance,human_rights
surveillance,law_enforcement
surveillance,politics
surveillance,surveillance
surveillance,technology
syria,syria
syrian,syrian
tactics,strategy
taliban,taliban
tantura,history
tantura,israel
tantura,palestine
tantura,tantura
tantura,violence
tax,economics
tax,politics
tax,tax
taxation,economics
taxation,politics
taxation,taxation
taxes,economics
taxpayers,economics
taxpayers,taxpayers
technological,technology
technology,technology
terrorism,politics
terrorism,terrorism
terrorism,violence
terrorist,terrorism
terrorist,violence
terrorists,terrorists
terrorists,violence
texas,texas
theorem,science
therapy,health
therapy,mental_health
tiktok,tiktok
torture,human_rights
torture,politics
torture,torture
trans,gender
trans,human_rights
trans,politics
trans,trans
transgender,gender
transgender,health
transgender,human_rights
transgender,politics
transgender,transgender
transjordan,transjordan
treasury,economics
treaty,politics
trotsky,marxism
trotsky,socialism
trump,politics
turkish,turkish
twitter,social_media
twitter,twitter
ukraine,ukraine
unemployed,economics
unemployed,labor
unemployed,unemployment
unemployment,economics
unemployment,politics
unemployment,unemployment
unions,economics
unions,labor
unions,organizing
unions,politics
unions,socialism
unions,unions
universities,education
university,education
ussr,ussr
venezuela,venezuela
veteran,military
veteran,politics
veteran,veterans
veteran,war
veterans,military
veterans,politics
veterans,politics
veterans,veterans
veterans,war
video,video
vietnam,vietnam
vietnamese,vietnamese
violence,violence
voted,elections
voted,voted
voter,elections
voter,politics
voter,voter
voters,elections
voters,politics
voters,voters
voting,elections
wages,capitalism
wages,economics
wages,labor
wages,socialism
wages,wages
war,war
warfare,war
wars,politics
wars,violence
wars,war
wars,wars
wealth,economics
wikipedia,media
wikipedia,wikipedia
workers,economics
workers,labor
workers,workers
workforce,capitalism
workforce,economics
workforce,labor
workforce,politics
workforce,socialism
workforce,workforce
yale,education
yale,yale
yemen,yemen
youtube,video
zionism,ideology
zionism,israel
zionism,palestine
zionism,politics
zionism,zionism
zionist,israel
zionist,palestine
zionist,politics
zionist,zionist
zionists,israel
zionists,palestine
zionists,politics
zionists,zionists
